# Kind	Namespace	Name	Path	Justification
class	ModAPI.Hooks.Paging	ModCompareEntry	ShelteredAPI/Custom Saves/paging/SaveVerification.cs	Public ShelteredAPI facade, service contract, DTO, or compatibility type intentionally exposed to mods.
class	ModAPI.Hooks.Paging	VerificationWindowOptions	ShelteredAPI/Custom Saves/paging/SaveDetailsWindow.cs	Public ShelteredAPI facade, service contract, DTO, or compatibility type intentionally exposed to mods.
class	ShelteredAPI.Actors	ShelteredActors	ShelteredAPI/Actors/ActorSystem.cs	Public ShelteredAPI facade, service contract, DTO, or compatibility type intentionally exposed to mods.
class	ShelteredAPI.Adapters	GameHelperExtensions	ShelteredAPI/Adapters/GameHelperExtensions.cs	Public ShelteredAPI facade, service contract, DTO, or compatibility type intentionally exposed to mods.
class	ShelteredAPI.Characters	AttributeModifier	ShelteredAPI/Characters/Models/AttributeModifier.cs	Public ShelteredAPI facade, service contract, DTO, or compatibility type intentionally exposed to mods.
class	ShelteredAPI.Characters	CharacterQuery	ShelteredAPI/Characters/Models/CharacterQuery.cs	Public ShelteredAPI facade, service contract, DTO, or compatibility type intentionally exposed to mods.
class	ShelteredAPI.Characters	EffectInstance	ShelteredAPI/Characters/Models/EffectInstance.cs	Public ShelteredAPI facade, service contract, DTO, or compatibility type intentionally exposed to mods.
class	ShelteredAPI.Characters	PartyChangedEventArgs	ShelteredAPI/Characters/PartyHelper.cs	Public ShelteredAPI facade, service contract, DTO, or compatibility type intentionally exposed to mods.
class	ShelteredAPI.Characters	ShelteredCharacters	ShelteredAPI/Characters/ShelteredCharacters.cs	Public ShelteredAPI facade, service contract, DTO, or compatibility type intentionally exposed to mods.
class	ShelteredAPI.Content	AdvancedAssets	ShelteredAPI/Content/ShelteredContent.cs	Public ShelteredAPI facade, service contract, DTO, or compatibility type intentionally exposed to mods.
class	ShelteredAPI.Content	AssetPath	ShelteredAPI/Content/ContentRegistry.cs	Public ShelteredAPI facade, service contract, DTO, or compatibility type intentionally exposed to mods.
class	ShelteredAPI.Content	ContentOperationResult	ShelteredAPI/Content/ContentRegistry.cs	Public ShelteredAPI facade, service contract, DTO, or compatibility type intentionally exposed to mods.
class	ShelteredAPI.Content	CookingRecipe	ShelteredAPI/Content/ContentRegistry.cs	Public ShelteredAPI facade, service contract, DTO, or compatibility type intentionally exposed to mods.
class	ShelteredAPI.Content	GameToggles	ShelteredAPI/Content/ContentRegistry.cs	Public ShelteredAPI facade, service contract, DTO, or compatibility type intentionally exposed to mods.
class	ShelteredAPI.Content	InventoryMutationResult	ShelteredAPI/Content/ContentRegistry.cs	Public ShelteredAPI facade, service contract, DTO, or compatibility type intentionally exposed to mods.
class	ShelteredAPI.Content	ItemDefinition	ShelteredAPI/Content/ContentRegistry.cs	Public ShelteredAPI facade, service contract, DTO, or compatibility type intentionally exposed to mods.
class	ShelteredAPI.Content	ItemDefinitionSnapshot	ShelteredAPI/Content/ContentRegistry.cs	Public ShelteredAPI facade, service contract, DTO, or compatibility type intentionally exposed to mods.
class	ShelteredAPI.Content	ItemPatch	ShelteredAPI/Content/ContentRegistry.cs	Public ShelteredAPI facade, service contract, DTO, or compatibility type intentionally exposed to mods.
class	ShelteredAPI.Content	ItemTemplates	ShelteredAPI/Content/ContentRegistry.cs	Public ShelteredAPI facade, service contract, DTO, or compatibility type intentionally exposed to mods.
class	ShelteredAPI.Scenarios	ScenarioDialogueLineDefinition	ShelteredAPI/Scenarios/ScenarioDefinition.cs	Public scenario XML DTO for vanilla ScenarioDef conversation flow authoring.
class	ShelteredAPI.Scenarios	ScenarioDialogueOptionDefinition	ShelteredAPI/Scenarios/ScenarioDefinition.cs	Public scenario XML DTO for vanilla ScenarioDef conversation flow authoring.
class	ShelteredAPI.Scenarios	ScenarioEncounterEndOptionsDefinition	ShelteredAPI/Scenarios/ScenarioDefinition.cs	Public scenario XML DTO for vanilla ScenarioDef conversation flow authoring.
class	ShelteredAPI.Scenarios	ScenarioFloatingQuestTriggerDefinition	ShelteredAPI/Scenarios/ScenarioDefinition.cs	Public scenario XML DTO for vanilla ScenarioDef conversation flow authoring.
class	ShelteredAPI.Scenarios	ScenarioFlowDefinition	ShelteredAPI/Scenarios/ScenarioDefinition.cs	Public scenario XML DTO for vanilla ScenarioDef stage flow authoring.
class	ShelteredAPI.Scenarios	ScenarioFlowStageDefinition	ShelteredAPI/Scenarios/ScenarioDefinition.cs	Public scenario XML DTO for vanilla ScenarioDef stage flow authoring.
class	ShelteredAPI.Scenarios	ScenarioIntercomStageDefinition	ShelteredAPI/Scenarios/ScenarioDefinition.cs	Public scenario XML DTO for vanilla ScenarioDef intercom authoring.
class	ShelteredAPI.Scenarios	ScenarioMilestoneCheckDefinition	ShelteredAPI/Scenarios/ScenarioDefinition.cs	Public scenario XML DTO for vanilla ScenarioDef conversation flow authoring.
class	ShelteredAPI.Scenarios	ScenarioMilestoneDefinition	ShelteredAPI/Scenarios/ScenarioDefinition.cs	Public scenario XML DTO for vanilla ScenarioDef conversation flow authoring.
class	ShelteredAPI.Scenarios	ScenarioModeAvailabilityDefinition	ShelteredAPI/Scenarios/ScenarioDefinition.cs	Public scenario XML DTO for vanilla QuestSelection availability flags.
class	ShelteredAPI.Scenarios	ScenarioNpcDefinition	ShelteredAPI/Scenarios/ScenarioDefinition.cs	Public scenario XML DTO for vanilla QuestCharacter setup authoring.
class	ShelteredAPI.Scenarios	ScenarioNpcStatsDefinition	ShelteredAPI/Scenarios/ScenarioDefinition.cs	Public scenario XML DTO for vanilla QuestCharacter stat authoring.
class	ShelteredAPI.Scenarios	ScenarioSelectionRulesDefinition	ShelteredAPI/Scenarios/ScenarioDefinition.cs	Public scenario XML DTO for vanilla QuestSelection spawn tuning.
class	ShelteredAPI.Scenarios	ScenarioSpawnTriggerDefinition	ShelteredAPI/Scenarios/ScenarioDefinition.cs	Public scenario XML DTO for vanilla ScenarioDef conversation flow authoring.
class	ShelteredAPI.Scenarios	ScenarioStageChangeDefinition	ShelteredAPI/Scenarios/ScenarioDefinition.cs	Public scenario XML DTO for vanilla ScenarioDef delayed stage changes.
class	ShelteredAPI.Scenarios	ScenarioSubquestCheckDefinition	ShelteredAPI/Scenarios/ScenarioDefinition.cs	Public scenario XML DTO for vanilla ScenarioDef conversation flow authoring.
class	ShelteredAPI.Content	LootEntry	ShelteredAPI/Content/ContentRegistry.cs	Public ShelteredAPI facade, service contract, DTO, or compatibility type intentionally exposed to mods.
class	ShelteredAPI.Content	RecipeDefinition	ShelteredAPI/Content/ContentRegistry.cs	Public ShelteredAPI facade, service contract, DTO, or compatibility type intentionally exposed to mods.
class	ShelteredAPI.Content	RecipeDefinitionSnapshot	ShelteredAPI/Content/ContentRegistry.cs	Public ShelteredAPI facade, service contract, DTO, or compatibility type intentionally exposed to mods.
class	ShelteredAPI.Content	RecipeIngredient	ShelteredAPI/Content/ContentRegistry.cs	Public ShelteredAPI facade, service contract, DTO, or compatibility type intentionally exposed to mods.
class	ShelteredAPI.Content	RecipeIngredientSnapshot	ShelteredAPI/Content/ContentRegistry.cs	Public ShelteredAPI facade, service contract, DTO, or compatibility type intentionally exposed to mods.
class	ShelteredAPI.Content	RecipePatch	ShelteredAPI/Content/ContentRegistry.cs	Public ShelteredAPI facade, service contract, DTO, or compatibility type intentionally exposed to mods.
class	ShelteredAPI.Content	RegistrationResult	ShelteredAPI/Content/ContentRegistry.cs	Public ShelteredAPI facade, service contract, DTO, or compatibility type intentionally exposed to mods.
class	ShelteredAPI.Content	Runtime	ShelteredAPI/Content/ShelteredContent.cs	Public ShelteredAPI facade, service contract, DTO, or compatibility type intentionally exposed to mods.
class	ShelteredAPI.Content	ShelteredContent	ShelteredAPI/Content/ShelteredContent.cs	Public ShelteredAPI facade, service contract, DTO, or compatibility type intentionally exposed to mods.
class	ShelteredAPI.Content	VanillaItems	ShelteredAPI/Content/ContentRegistry.cs	Public ShelteredAPI facade, service contract, DTO, or compatibility type intentionally exposed to mods.
class	ShelteredAPI.Core	ShelteredApiAliasIds	ShelteredAPI/Core/ShelteredApiIds.cs	Public ShelteredAPI facade, service contract, DTO, or compatibility type intentionally exposed to mods.
class	ShelteredAPI.Core	ShelteredApiServices	ShelteredAPI/Core/ShelteredApiIds.cs	Public ShelteredAPI facade, service contract, DTO, or compatibility type intentionally exposed to mods.
class	ShelteredAPI.Core	ShelteredModManagerBase	ShelteredAPI/Core/ShelteredModManagerBase.cs	Public ShelteredAPI facade, service contract, DTO, or compatibility type intentionally exposed to mods.
class	ShelteredAPI.Debugging	DebugValueTakeover	ShelteredAPI/Debugging/DebugValueTakeover.cs	Public ShelteredAPI facade, service contract, DTO, or compatibility type intentionally exposed to mods.
class	ShelteredAPI.Debugging	DebugValueTakeoverSession	ShelteredAPI/Debugging/DebugValueTakeover.cs	Public ShelteredAPI facade, service contract, DTO, or compatibility type intentionally exposed to mods.
class	ShelteredAPI.Events	ShelteredEvents	ShelteredAPI/Events/ShelteredEvents.cs	Public ShelteredAPI facade, service contract, DTO, or compatibility type intentionally exposed to mods.
class	ShelteredAPI.Events	TimeTriggerBatch	ShelteredAPI/Events/GameTimeTriggerHelper.cs	Public ShelteredAPI facade, service contract, DTO, or compatibility type intentionally exposed to mods.
class	ShelteredAPI.Events	TimeTriggerInfo	ShelteredAPI/Events/GameTimeTriggerHelper.cs	Public ShelteredAPI facade, service contract, DTO, or compatibility type intentionally exposed to mods.
class	ShelteredAPI.GameState	ShelteredGameState	ShelteredAPI/GameState/ManagerStateHelper.cs	Public ShelteredAPI facade, service contract, DTO, or compatibility type intentionally exposed to mods.
class	ShelteredAPI.Harmony	ShelteredPatterns	ShelteredAPI/Core/ShelteredPatterns.cs	Public ShelteredAPI facade, service contract, DTO, or compatibility type intentionally exposed to mods.
class	ShelteredAPI.Input	ShelteredInput	ShelteredAPI/Input/ShelteredInput.cs	Public ShelteredAPI facade, service contract, DTO, or compatibility type intentionally exposed to mods.
class	ShelteredAPI.Input	ShelteredInputActions	ShelteredAPI/Input/ShelteredInputActions.cs	Public ShelteredAPI facade, service contract, DTO, or compatibility type intentionally exposed to mods.
class	ShelteredAPI.Interactions	ObjectButtonBuilder	ShelteredAPI/Interactions/ObjectButtonInjector.cs	Public ShelteredAPI facade, service contract, DTO, or compatibility type intentionally exposed to mods.
class	ShelteredAPI.Interactions	ObjectButtonInjector	ShelteredAPI/Interactions/ObjectButtonInjector.cs	Public ShelteredAPI facade, service contract, DTO, or compatibility type intentionally exposed to mods.
class	ShelteredAPI.Interactions	ObjectButtonInsertContext	ShelteredAPI/Interactions/ObjectButtonInjector.cs	Public ShelteredAPI facade, service contract, DTO, or compatibility type intentionally exposed to mods.
class	ShelteredAPI.Interactions	ObjectButtonTargetBuilder	ShelteredAPI/Interactions/ObjectButtonInjector.cs	Public ShelteredAPI facade, service contract, DTO, or compatibility type intentionally exposed to mods.
class	ShelteredAPI.Persistence	ShelteredPersistence	ShelteredAPI/Persistence/ModPersistence.cs	Public ShelteredAPI facade, service contract, DTO, or compatibility type intentionally exposed to mods.
class	ShelteredAPI.Persistence	ShelteredPersistentDictionary	ShelteredAPI/Persistence/ModDictionary.cs	Public ShelteredAPI facade, service contract, DTO, or compatibility type intentionally exposed to mods.
class	ShelteredAPI.Persistence	ShelteredPersistentList	ShelteredAPI/Persistence/ModList.cs	Public ShelteredAPI facade, service contract, DTO, or compatibility type intentionally exposed to mods.
class	ShelteredAPI.Saves	CustomMeta	ShelteredAPI/Custom Saves/saves/Models.cs	Public ShelteredAPI facade, service contract, DTO, or compatibility type intentionally exposed to mods.
class	ShelteredAPI.Saves	LoadedModInfo	ShelteredAPI/Custom Saves/saves/Models.cs	Public ShelteredAPI facade, service contract, DTO, or compatibility type intentionally exposed to mods.
class	ShelteredAPI.Saves	LoadOptions	ShelteredAPI/Custom Saves/saves/Models.cs	Public ShelteredAPI facade, service contract, DTO, or compatibility type intentionally exposed to mods.
class	ShelteredAPI.Saves	SaveCreateOptions	ShelteredAPI/Custom Saves/saves/Models.cs	Public ShelteredAPI facade, service contract, DTO, or compatibility type intentionally exposed to mods.
class	ShelteredAPI.Saves	SaveEntry	ShelteredAPI/Custom Saves/saves/Models.cs	Public ShelteredAPI facade, service contract, DTO, or compatibility type intentionally exposed to mods.
class	ShelteredAPI.Saves	SaveInfo	ShelteredAPI/Custom Saves/saves/Models.cs	Public ShelteredAPI facade, service contract, DTO, or compatibility type intentionally exposed to mods.
class	ShelteredAPI.Saves	SaveManifest	ShelteredAPI/Custom Saves/saves/Models.cs	Public ShelteredAPI facade, service contract, DTO, or compatibility type intentionally exposed to mods.
class	ShelteredAPI.Saves	SaveOverwriteOptions	ShelteredAPI/Custom Saves/saves/Models.cs	Public ShelteredAPI facade, service contract, DTO, or compatibility type intentionally exposed to mods.
class	ShelteredAPI.Saves	ScenarioDescriptor	ShelteredAPI/Custom Saves/saves/Models.cs	Public ShelteredAPI facade, service contract, DTO, or compatibility type intentionally exposed to mods.
class	ShelteredAPI.Saves	ShelteredSaveEvents	ShelteredAPI/Custom Saves/saves/ShelteredSaveEvents.cs	Public ShelteredAPI facade, service contract, DTO, or compatibility type intentionally exposed to mods.
class	ShelteredAPI.Saves	ShelteredSaves	ShelteredAPI/Custom Saves/saves/ShelteredSaves.cs	Public ShelteredAPI facade, service contract, DTO, or compatibility type intentionally exposed to mods.
class	ShelteredAPI.Saves	SlotManifest	ShelteredAPI/Custom Saves/saves/Models.cs	Public ShelteredAPI facade, service contract, DTO, or compatibility type intentionally exposed to mods.
class	ShelteredAPI.Saves	SlotReservation	ShelteredAPI/Custom Saves/saves/Models.cs	Public ShelteredAPI facade, service contract, DTO, or compatibility type intentionally exposed to mods.
class	ShelteredAPI.Saves	SlotReservationMap	ShelteredAPI/Custom Saves/saves/Models.cs	Public ShelteredAPI facade, service contract, DTO, or compatibility type intentionally exposed to mods.
class	ShelteredAPI.Saves	StartOptions	ShelteredAPI/Custom Saves/saves/Models.cs	Public ShelteredAPI facade, service contract, DTO, or compatibility type intentionally exposed to mods.
class	ShelteredAPI.Scenarios	AssetReferencesDefinition	ShelteredAPI/Scenarios/ScenarioDefinition.cs	Public ShelteredAPI facade, service contract, DTO, or compatibility type intentionally exposed to mods.
class	ShelteredAPI.Scenarios	BunkerEditsDefinition	ShelteredAPI/Scenarios/ScenarioDefinition.cs	Public ShelteredAPI facade, service contract, DTO, or compatibility type intentionally exposed to mods.
class	ShelteredAPI.Scenarios	ConditionDef	ShelteredAPI/Scenarios/ScenarioDefinition.cs	Public ShelteredAPI facade, service contract, DTO, or compatibility type intentionally exposed to mods.
class	ShelteredAPI.Scenarios	DialogueChain	ShelteredAPI/Scenarios/ScenarioDefinition.cs	Public ShelteredAPI facade, service contract, DTO, or compatibility type intentionally exposed to mods.
class	ShelteredAPI.Scenarios	ExpeditionRouteDefinition	ShelteredAPI/Scenarios/Domain/Map/ScenarioMapDefinitions.cs	Public ShelteredAPI facade, service contract, DTO, or compatibility type intentionally exposed to mods.
class	ShelteredAPI.Scenarios	FamilyMemberAppearanceConfig	ShelteredAPI/Scenarios/ScenarioDefinition.cs	Public ShelteredAPI facade, service contract, DTO, or compatibility type intentionally exposed to mods.
class	ShelteredAPI.Scenarios	FamilyMemberConfig	ShelteredAPI/Scenarios/ScenarioDefinition.cs	Public ShelteredAPI facade, service contract, DTO, or compatibility type intentionally exposed to mods.
class	ShelteredAPI.Scenarios	FamilySetupDefinition	ShelteredAPI/Scenarios/ScenarioDefinition.cs	Public ShelteredAPI facade, service contract, DTO, or compatibility type intentionally exposed to mods.
class	ShelteredAPI.Scenarios	FutureSurvivorDefinition	ShelteredAPI/Scenarios/ScenarioDefinition.cs	Public ShelteredAPI facade, service contract, DTO, or compatibility type intentionally exposed to mods.
class	ShelteredAPI.Scenarios	IconRef	ShelteredAPI/Scenarios/ScenarioDefinition.cs	Public ShelteredAPI facade, service contract, DTO, or compatibility type intentionally exposed to mods.
class	ShelteredAPI.Scenarios	ItemEntry	ShelteredAPI/Scenarios/ScenarioDefinition.cs	Public ShelteredAPI facade, service contract, DTO, or compatibility type intentionally exposed to mods.
class	ShelteredAPI.Scenarios	MapAuthoringDefinition	ShelteredAPI/Scenarios/Domain/Map/ScenarioMapDefinitions.cs	Public ShelteredAPI facade, service contract, DTO, or compatibility type intentionally exposed to mods.
class	ShelteredAPI.Scenarios	MapBoundaryDefinition	ShelteredAPI/Scenarios/Domain/Map/ScenarioMapDefinitions.cs	Public ShelteredAPI facade, service contract, DTO, or compatibility type intentionally exposed to mods.
class	ShelteredAPI.Scenarios	MapEncounterEntryDefinition	ShelteredAPI/Scenarios/Domain/Map/ScenarioMapDefinitions.cs	Public ShelteredAPI facade, service contract, DTO, or compatibility type intentionally exposed to mods.
class	ShelteredAPI.Scenarios	MapEncounterTableDefinition	ShelteredAPI/Scenarios/Domain/Map/ScenarioMapDefinitions.cs	Public ShelteredAPI facade, service contract, DTO, or compatibility type intentionally exposed to mods.
class	ShelteredAPI.Scenarios	MapLocationDefinition	ShelteredAPI/Scenarios/Domain/Map/ScenarioMapDefinitions.cs	Public ShelteredAPI facade, service contract, DTO, or compatibility type intentionally exposed to mods.
class	ShelteredAPI.Scenarios	MapLootEntryDefinition	ShelteredAPI/Scenarios/Domain/Map/ScenarioMapDefinitions.cs	Public ShelteredAPI facade, service contract, DTO, or compatibility type intentionally exposed to mods.
class	ShelteredAPI.Scenarios	MapLootTableDefinition	ShelteredAPI/Scenarios/Domain/Map/ScenarioMapDefinitions.cs	Public ShelteredAPI facade, service contract, DTO, or compatibility type intentionally exposed to mods.
class	ShelteredAPI.Scenarios	MapMarkerDefinition	ShelteredAPI/Scenarios/Domain/Map/ScenarioMapDefinitions.cs	Public ShelteredAPI facade, service contract, DTO, or compatibility type intentionally exposed to mods.
class	ShelteredAPI.Scenarios	MapPointDefinition	ShelteredAPI/Scenarios/Domain/Map/ScenarioMapDefinitions.cs	Public ShelteredAPI facade, service contract, DTO, or compatibility type intentionally exposed to mods.
class	ShelteredAPI.Scenarios	MapTerrainPatchDefinition	ShelteredAPI/Scenarios/Domain/Map/ScenarioMapDefinitions.cs	Public ShelteredAPI facade, service contract, DTO, or compatibility type intentionally exposed to mods.
class	ShelteredAPI.Scenarios	ObjectPlacement	ShelteredAPI/Scenarios/ScenarioDefinition.cs	Public ShelteredAPI facade, service contract, DTO, or compatibility type intentionally exposed to mods.
class	ShelteredAPI.Scenarios	QuestAuthoringDefinition	ShelteredAPI/Scenarios/ScenarioDefinition.cs	Public ShelteredAPI facade, service contract, DTO, or compatibility type intentionally exposed to mods.
class	ShelteredAPI.Scenarios	QuestDefinition	ShelteredAPI/Scenarios/ScenarioDefinition.cs	Public ShelteredAPI facade, service contract, DTO, or compatibility type intentionally exposed to mods.
class	ShelteredAPI.Scenarios	RoomEdit	ShelteredAPI/Scenarios/ScenarioDefinition.cs	Public ShelteredAPI facade, service contract, DTO, or compatibility type intentionally exposed to mods.
class	ShelteredAPI.Scenarios	ScenarioBunkerBoundaryDefinition	ShelteredAPI/Scenarios/Domain/Bunker/ScenarioBunkerBoundaryDefinition.cs	Public ShelteredAPI facade, service contract, DTO, or compatibility type intentionally exposed to mods.
class	ShelteredAPI.Scenarios	ScenarioBunkerCellDefinition	ShelteredAPI/Scenarios/Domain/Bunker/ScenarioBunkerCellDefinition.cs	Public ShelteredAPI facade, service contract, DTO, or compatibility type intentionally exposed to mods.
class	ShelteredAPI.Scenarios	ScenarioBunkerExpansionDefinition	ShelteredAPI/Scenarios/Domain/Bunker/ScenarioBunkerExpansionDefinition.cs	Public ShelteredAPI facade, service contract, DTO, or compatibility type intentionally exposed to mods.
class	ShelteredAPI.Scenarios	ScenarioBunkerGridDefinition	ShelteredAPI/Scenarios/Domain/Bunker/ScenarioBunkerGridDefinition.cs	Public ShelteredAPI facade, service contract, DTO, or compatibility type intentionally exposed to mods.
class	ShelteredAPI.Scenarios	ScenarioConditionGroup	ShelteredAPI/Scenarios/Domain/Conditions/ScenarioConditionGroup.cs	Public ShelteredAPI facade, service contract, DTO, or compatibility type intentionally exposed to mods.
class	ShelteredAPI.Scenarios	ScenarioConditionRef	ShelteredAPI/Scenarios/Domain/Conditions/ScenarioConditionRef.cs	Public ShelteredAPI facade, service contract, DTO, or compatibility type intentionally exposed to mods.
class	ShelteredAPI.Scenarios	ScenarioDefinition	ShelteredAPI/Scenarios/ScenarioDefinition.cs	Public ShelteredAPI facade, service contract, DTO, or compatibility type intentionally exposed to mods.
class	ShelteredAPI.Scenarios	ScenarioEffectDefinition	ShelteredAPI/Scenarios/Domain/Effects/ScenarioEffectDefinition.cs	Public ShelteredAPI facade, service contract, DTO, or compatibility type intentionally exposed to mods.
class	ShelteredAPI.Scenarios	ScenarioFoundationDefinition	ShelteredAPI/Scenarios/Domain/Bunker/ScenarioFoundationDefinition.cs	Public ShelteredAPI facade, service contract, DTO, or compatibility type intentionally exposed to mods.
class	ShelteredAPI.Scenarios	ScenarioGateDefinition	ShelteredAPI/Scenarios/Domain/Conditions/ScenarioGateDefinition.cs	Public ShelteredAPI facade, service contract, DTO, or compatibility type intentionally exposed to mods.
class	ShelteredAPI.Scenarios	ScenarioModDependencyDefinition	ShelteredAPI/Scenarios/Domain/Compatibility/ScenarioModDependencyDefinition.cs	Public ShelteredAPI facade, service contract, DTO, or compatibility type intentionally exposed to mods.
class	ShelteredAPI.Scenarios	ScenarioObjectIdentity	ShelteredAPI/Scenarios/Domain/Objects/ScenarioObjectIdentity.cs	Public ShelteredAPI facade, service contract, DTO, or compatibility type intentionally exposed to mods.
class	ShelteredAPI.Scenarios	ScenarioPlacementDefinitions	ShelteredAPI/Scenarios/ScenarioPlacementDefinitions.cs	Public ShelteredAPI facade, service contract, DTO, or compatibility type intentionally exposed to mods.
class	ShelteredAPI.Scenarios	ScenarioProperty	ShelteredAPI/Scenarios/ScenarioDefinition.cs	Public ShelteredAPI facade, service contract, DTO, or compatibility type intentionally exposed to mods.
class	ShelteredAPI.Scenarios	ScenarioScheduledActionDefinition	ShelteredAPI/Scenarios/Domain/Scheduling/ScenarioScheduledActionDefinition.cs	Public ShelteredAPI facade, service contract, DTO, or compatibility type intentionally exposed to mods.
class	ShelteredAPI.Scenarios	ScenarioSchedulePolicy	ShelteredAPI/Scenarios/Domain/Scheduling/ScenarioSchedulePolicy.cs	Public ShelteredAPI facade, service contract, DTO, or compatibility type intentionally exposed to mods.
class	ShelteredAPI.Scenarios	ScenarioScheduleTime	ShelteredAPI/Scenarios/Domain/Scheduling/ScenarioScheduleTime.cs	Public ShelteredAPI facade, service contract, DTO, or compatibility type intentionally exposed to mods.
class	ShelteredAPI.Scenarios	ScenarioStageDefinition	ShelteredAPI/Scenarios/Domain/Stages/ScenarioStageDefinition.cs	Public ShelteredAPI facade, service contract, DTO, or compatibility type intentionally exposed to mods.
class	ShelteredAPI.Scenarios	ScenarioStageRegistry	ShelteredAPI/Scenarios/Domain/Stages/ScenarioStageRegistry.cs	Public ShelteredAPI facade, service contract, DTO, or compatibility type intentionally exposed to mods.
class	ShelteredAPI.Scenarios	ScenarioTimelineDay	ShelteredAPI/Scenarios/Domain/Timeline/ScenarioTimelineDay.cs	Public ShelteredAPI facade, service contract, DTO, or compatibility type intentionally exposed to mods.
class	ShelteredAPI.Scenarios	ScenarioTimelineEntry	ShelteredAPI/Scenarios/Domain/Timeline/ScenarioTimelineEntry.cs	Public ShelteredAPI facade, service contract, DTO, or compatibility type intentionally exposed to mods.
class	ShelteredAPI.Scenarios	ScenarioVector3	ShelteredAPI/Scenarios/ScenarioDefinition.cs	Public ShelteredAPI facade, service contract, DTO, or compatibility type intentionally exposed to mods.
class	ShelteredAPI.Scenarios	SceneSpritePlacement	ShelteredAPI/Scenarios/ScenarioDefinition.cs	Public ShelteredAPI facade, service contract, DTO, or compatibility type intentionally exposed to mods.
class	ShelteredAPI.Scenarios	ShelteredCustomScenarioBase	ShelteredAPI/Scenarios/IShelteredCustomScenario.cs	Public ShelteredAPI facade, service contract, DTO, or compatibility type intentionally exposed to mods.
class	ShelteredAPI.Scenarios	ShelteredScenarioAuthoring	ShelteredAPI/Scenarios/ShelteredScenarioAuthoring.cs	Public ShelteredAPI facade, service contract, DTO, or compatibility type intentionally exposed to mods.
class	ShelteredAPI.Scenarios	ShelteredScenarioDefBuilder	ShelteredAPI/Scenarios/ShelteredScenarioDefBuilder.cs	Public ShelteredAPI facade, service contract, DTO, or compatibility type intentionally exposed to mods.
class	ShelteredAPI.Scenarios	ShelteredScenarioDefBuilderCompatibility	ShelteredAPI/Scenarios/ShelteredScenarioDefBuilder.cs	Public ShelteredAPI facade, service contract, DTO, or compatibility type intentionally exposed to mods.
class	ShelteredAPI.Scenarios	ShelteredScenarioRegistration	ShelteredAPI/Scenarios/ShelteredScenarioRegistration.cs	Public ShelteredAPI facade, service contract, DTO, or compatibility type intentionally exposed to mods.
class	ShelteredAPI.Scenarios	ShelteredScenarioRuntime	ShelteredAPI/Scenarios/ShelteredScenarioRuntime.cs	Public ShelteredAPI facade, service contract, DTO, or compatibility type intentionally exposed to mods.
class	ShelteredAPI.Scenarios	ShelteredScenarios	ShelteredAPI/Scenarios/ShelteredScenarios.cs	Public ShelteredAPI facade, service contract, DTO, or compatibility type intentionally exposed to mods.
class	ShelteredAPI.Scenarios	SkillOverride	ShelteredAPI/Scenarios/ScenarioDefinition.cs	Public ShelteredAPI facade, service contract, DTO, or compatibility type intentionally exposed to mods.
class	ShelteredAPI.Scenarios	SpritePatchDefinition	ShelteredAPI/Scenarios/Domain/Assets/SpritePatchDefinition.cs	Public ShelteredAPI facade, service contract, DTO, or compatibility type intentionally exposed to mods.
class	ShelteredAPI.Scenarios	SpritePatchDeltaRun	ShelteredAPI/Scenarios/Domain/Assets/SpritePatchDeltaRun.cs	Public ShelteredAPI facade, service contract, DTO, or compatibility type intentionally exposed to mods.
class	ShelteredAPI.Scenarios	SpritePatchOperation	ShelteredAPI/Scenarios/Domain/Assets/SpritePatchOperation.cs	Public ShelteredAPI facade, service contract, DTO, or compatibility type intentionally exposed to mods.
class	ShelteredAPI.Scenarios	SpriteRef	ShelteredAPI/Scenarios/ScenarioDefinition.cs	Public ShelteredAPI facade, service contract, DTO, or compatibility type intentionally exposed to mods.
class	ShelteredAPI.Scenarios	SpriteSwapRule	ShelteredAPI/Scenarios/ScenarioDefinition.cs	Public ShelteredAPI facade, service contract, DTO, or compatibility type intentionally exposed to mods.
class	ShelteredAPI.Scenarios	StartingInventoryDefinition	ShelteredAPI/Scenarios/ScenarioDefinition.cs	Public ShelteredAPI facade, service contract, DTO, or compatibility type intentionally exposed to mods.
class	ShelteredAPI.Scenarios	StatOverride	ShelteredAPI/Scenarios/ScenarioDefinition.cs	Public ShelteredAPI facade, service contract, DTO, or compatibility type intentionally exposed to mods.
class	ShelteredAPI.Scenarios	TimedInventoryChangeDefinition	ShelteredAPI/Scenarios/ScenarioDefinition.cs	Public ShelteredAPI facade, service contract, DTO, or compatibility type intentionally exposed to mods.
class	ShelteredAPI.Scenarios	TriggerDef	ShelteredAPI/Scenarios/ScenarioDefinition.cs	Public ShelteredAPI facade, service contract, DTO, or compatibility type intentionally exposed to mods.
class	ShelteredAPI.Scenarios	TriggersAndEventsDefinition	ShelteredAPI/Scenarios/ScenarioDefinition.cs	Public ShelteredAPI facade, service contract, DTO, or compatibility type intentionally exposed to mods.
class	ShelteredAPI.Scenarios	WeatherEventDefinition	ShelteredAPI/Scenarios/ScenarioDefinition.cs	Public ShelteredAPI facade, service contract, DTO, or compatibility type intentionally exposed to mods.
class	ShelteredAPI.Scenarios	WinLossConditionsDefinition	ShelteredAPI/Scenarios/ScenarioDefinition.cs	Public ShelteredAPI facade, service contract, DTO, or compatibility type intentionally exposed to mods.
class	ShelteredAPI.UI	ShelteredUI	ShelteredAPI/UI/ShelteredUI.cs	Public ShelteredAPI facade, service contract, DTO, or compatibility type intentionally exposed to mods.
class	ShelteredAPI.UI	UITakeoverSession	ShelteredAPI/UI/UITakeover.cs	Public ShelteredAPI facade, service contract, DTO, or compatibility type intentionally exposed to mods.
enum	ModAPI.Hooks.Paging	ModCompareStatus	ShelteredAPI/Custom Saves/paging/SaveVerification.cs	Public ShelteredAPI facade, service contract, DTO, or compatibility type intentionally exposed to mods.
enum	ModAPI.Hooks.Paging	VerificationState	ShelteredAPI/Custom Saves/paging/SaveVerification.cs	Public ShelteredAPI facade, service contract, DTO, or compatibility type intentionally exposed to mods.
enum	ShelteredAPI.Characters	CharacterLocation	ShelteredAPI/Characters/Abstractions/ICharacterProxy.cs	Public ShelteredAPI facade, service contract, DTO, or compatibility type intentionally exposed to mods.
enum	ShelteredAPI.Characters	CharacterSource	ShelteredAPI/Characters/Abstractions/ICharacterProxy.cs	Public ShelteredAPI facade, service contract, DTO, or compatibility type intentionally exposed to mods.
enum	ShelteredAPI.Characters	CharacterState	ShelteredAPI/Characters/Abstractions/ICharacterProxy.cs	Public ShelteredAPI facade, service contract, DTO, or compatibility type intentionally exposed to mods.
enum	ShelteredAPI.Characters	RemovalReason	ShelteredAPI/Characters/Abstractions/ICharacterEffect.cs	Public ShelteredAPI facade, service contract, DTO, or compatibility type intentionally exposed to mods.
enum	ShelteredAPI.Characters	StackBehavior	ShelteredAPI/Characters/Abstractions/ICharacterEffect.cs	Public ShelteredAPI facade, service contract, DTO, or compatibility type intentionally exposed to mods.
enum	ShelteredAPI.Content	CraftStation	ShelteredAPI/Content/ContentRegistry.cs	Public ShelteredAPI facade, service contract, DTO, or compatibility type intentionally exposed to mods.
enum	ShelteredAPI.Content	ItemCategory	ShelteredAPI/Content/ContentRegistry.cs	Public ShelteredAPI facade, service contract, DTO, or compatibility type intentionally exposed to mods.
enum	ShelteredAPI.Content	TopographyType	ShelteredAPI/Content/ContentRegistry.cs	Public ShelteredAPI facade, service contract, DTO, or compatibility type intentionally exposed to mods.
enum	ShelteredAPI.Events	TimeTriggerCadence	ShelteredAPI/Events/GameTimeTriggerHelper.cs	Public ShelteredAPI facade, service contract, DTO, or compatibility type intentionally exposed to mods.
enum	ShelteredAPI.Events	TimeTriggerKind	ShelteredAPI/Events/GameTimeTriggerHelper.cs	Public ShelteredAPI facade, service contract, DTO, or compatibility type intentionally exposed to mods.
enum	ShelteredAPI.Input	InputContext	ShelteredAPI/Input/InputContext.cs	Public ShelteredAPI facade, service contract, DTO, or compatibility type intentionally exposed to mods.
enum	ShelteredAPI.Interactions	ObjectButtonInsertMode	ShelteredAPI/Interactions/ObjectButtonInjector.cs	Public ShelteredAPI facade, service contract, DTO, or compatibility type intentionally exposed to mods.
enum	ShelteredAPI.Saves	SaveSlotUsage	ShelteredAPI/Custom Saves/saves/Models.cs	Public ShelteredAPI facade, service contract, DTO, or compatibility type intentionally exposed to mods.
enum	ShelteredAPI.Scenarios	MapBoundaryKind	ShelteredAPI/Scenarios/Domain/Map/ScenarioMapDefinitions.cs	Public ShelteredAPI facade, service contract, DTO, or compatibility type intentionally exposed to mods.
enum	ShelteredAPI.Scenarios	MapMarkerKind	ShelteredAPI/Scenarios/Domain/Map/ScenarioMapDefinitions.cs	Public ShelteredAPI facade, service contract, DTO, or compatibility type intentionally exposed to mods.
enum	ShelteredAPI.Scenarios	MapTerrainBrushShape	ShelteredAPI/Scenarios/Domain/Map/ScenarioMapDefinitions.cs	Public ShelteredAPI facade, service contract, DTO, or compatibility type intentionally exposed to mods.
enum	ShelteredAPI.Scenarios	ScenarioBaseGameMode	ShelteredAPI/Scenarios/ScenarioDefinition.cs	Public ShelteredAPI facade, service contract, DTO, or compatibility type intentionally exposed to mods.
enum	ShelteredAPI.Scenarios	ScenarioBunkerBuildPhase	ShelteredAPI/Scenarios/Domain/Bunker/ScenarioBunkerCellDefinition.cs	Public ShelteredAPI facade, service contract, DTO, or compatibility type intentionally exposed to mods.
enum	ShelteredAPI.Scenarios	ScenarioConditionGroupMode	ShelteredAPI/Scenarios/Domain/Conditions/ScenarioConditionKind.cs	Public ShelteredAPI facade, service contract, DTO, or compatibility type intentionally exposed to mods.
enum	ShelteredAPI.Scenarios	ScenarioConditionKind	ShelteredAPI/Scenarios/Domain/Conditions/ScenarioConditionKind.cs	Public ShelteredAPI facade, service contract, DTO, or compatibility type intentionally exposed to mods.
enum	ShelteredAPI.Scenarios	ScenarioEffectKind	ShelteredAPI/Scenarios/Domain/Effects/ScenarioEffectKind.cs	Public ShelteredAPI facade, service contract, DTO, or compatibility type intentionally exposed to mods.
enum	ShelteredAPI.Scenarios	ScenarioGender	ShelteredAPI/Scenarios/ScenarioDefinition.cs	Public ShelteredAPI facade, service contract, DTO, or compatibility type intentionally exposed to mods.
enum	ShelteredAPI.Scenarios	ScenarioInventoryChangeKind	ShelteredAPI/Scenarios/ScenarioDefinition.cs	Public ShelteredAPI facade, service contract, DTO, or compatibility type intentionally exposed to mods.
enum	ShelteredAPI.Scenarios	ScenarioModDependencyKind	ShelteredAPI/Scenarios/Domain/Compatibility/ScenarioModDependencyKind.cs	Public ShelteredAPI facade, service contract, DTO, or compatibility type intentionally exposed to mods.
enum	ShelteredAPI.Scenarios	ScenarioModReferenceReason	ShelteredAPI/Scenarios/Domain/Compatibility/ScenarioModReferenceReason.cs	Public ShelteredAPI facade, service contract, DTO, or compatibility type intentionally exposed to mods.
enum	ShelteredAPI.Scenarios	ScenarioObjectStartState	ShelteredAPI/Scenarios/Domain/Objects/ScenarioObjectStartState.cs	Public ShelteredAPI facade, service contract, DTO, or compatibility type intentionally exposed to mods.
enum	ShelteredAPI.Scenarios	ScenarioPlacementDefinitionKind	ShelteredAPI/Scenarios/ScenarioPlacementDefinitions.cs	Public ShelteredAPI facade, service contract, DTO, or compatibility type intentionally exposed to mods.
enum	ShelteredAPI.Scenarios	ScenarioSpriteTargetComponentKind	ShelteredAPI/Scenarios/ScenarioDefinition.cs	Public ShelteredAPI facade, service contract, DTO, or compatibility type intentionally exposed to mods.
enum	ShelteredAPI.Scenarios	ScenarioStageKind	ShelteredAPI/Scenarios/Domain/Stages/ScenarioStageKind.cs	Public ShelteredAPI facade, service contract, DTO, or compatibility type intentionally exposed to mods.
enum	ShelteredAPI.Scenarios	ScenarioTimelineEntryKind	ShelteredAPI/Scenarios/Domain/Timeline/ScenarioTimelineEntryKind.cs	Public ShelteredAPI facade, service contract, DTO, or compatibility type intentionally exposed to mods.
enum	ShelteredAPI.Scenarios	ScenarioTimelineEntryStatus	ShelteredAPI/Scenarios/Domain/Timeline/ScenarioTimelineEntryKind.cs	Public ShelteredAPI facade, service contract, DTO, or compatibility type intentionally exposed to mods.
enum	ShelteredAPI.Scenarios	SpritePatchOperationKind	ShelteredAPI/Scenarios/Domain/Assets/SpritePatchOperation.cs	Public ShelteredAPI facade, service contract, DTO, or compatibility type intentionally exposed to mods.
interface	ShelteredAPI.Characters	ICharacterAttributes	ShelteredAPI/Characters/Abstractions/ICharacterAttributes.cs	Public ShelteredAPI facade, service contract, DTO, or compatibility type intentionally exposed to mods.
interface	ShelteredAPI.Characters	ICharacterData	ShelteredAPI/Characters/Abstractions/ICharacterData.cs	Public ShelteredAPI facade, service contract, DTO, or compatibility type intentionally exposed to mods.
interface	ShelteredAPI.Characters	ICharacterDefinition	ShelteredAPI/Characters/Abstractions/ICharacterProxy.cs	Public ShelteredAPI facade, service contract, DTO, or compatibility type intentionally exposed to mods.
interface	ShelteredAPI.Characters	ICharacterEffect	ShelteredAPI/Characters/Abstractions/ICharacterEffect.cs	Public ShelteredAPI facade, service contract, DTO, or compatibility type intentionally exposed to mods.
interface	ShelteredAPI.Characters	ICharacterEffectContext	ShelteredAPI/Characters/Abstractions/ICharacterEffect.cs	Public ShelteredAPI facade, service contract, DTO, or compatibility type intentionally exposed to mods.
interface	ShelteredAPI.Characters	ICharacterEffects	ShelteredAPI/Characters/Abstractions/ICharacterEffects.cs	Public ShelteredAPI facade, service contract, DTO, or compatibility type intentionally exposed to mods.
interface	ShelteredAPI.Characters	ICharacterProxy	ShelteredAPI/Characters/Abstractions/ICharacterProxy.cs	Public ShelteredAPI facade, service contract, DTO, or compatibility type intentionally exposed to mods.
interface	ShelteredAPI.Content	IShelteredAssetLoadingService	ShelteredAPI/Content/ShelteredContentServices.cs	Public ShelteredAPI facade, service contract, DTO, or compatibility type intentionally exposed to mods.
interface	ShelteredAPI.Content	IShelteredContentRegistrationService	ShelteredAPI/Content/ShelteredContentServices.cs	Public ShelteredAPI facade, service contract, DTO, or compatibility type intentionally exposed to mods.
interface	ShelteredAPI.Content	IShelteredContentService	ShelteredAPI/Content/ShelteredContentServices.cs	Public ShelteredAPI facade, service contract, DTO, or compatibility type intentionally exposed to mods.
interface	ShelteredAPI.Content	IShelteredInventoryService	ShelteredAPI/Content/ShelteredContentServices.cs	Public ShelteredAPI facade, service contract, DTO, or compatibility type intentionally exposed to mods.
interface	ShelteredAPI.Content	IShelteredLocalizationService	ShelteredAPI/Content/ShelteredContentServices.cs	Public ShelteredAPI facade, service contract, DTO, or compatibility type intentionally exposed to mods.
interface	ShelteredAPI.Content	IShelteredRecipeLootMutationService	ShelteredAPI/Content/ShelteredContentServices.cs	Public ShelteredAPI facade, service contract, DTO, or compatibility type intentionally exposed to mods.
interface	ShelteredAPI.GameState	IReadOnlyEncounterState	ShelteredAPI/GameState/ManagerStateHelper.cs	Public ShelteredAPI facade, service contract, DTO, or compatibility type intentionally exposed to mods.
interface	ShelteredAPI.GameState	IReadOnlyExplorationState	ShelteredAPI/GameState/ManagerStateHelper.cs	Public ShelteredAPI facade, service contract, DTO, or compatibility type intentionally exposed to mods.
interface	ShelteredAPI.GameState	IReadOnlyFamilyRoster	ShelteredAPI/GameState/ManagerStateHelper.cs	Public ShelteredAPI facade, service contract, DTO, or compatibility type intentionally exposed to mods.
interface	ShelteredAPI.GameState	IReadOnlyGameTime	ShelteredAPI/GameState/ManagerStateHelper.cs	Public ShelteredAPI facade, service contract, DTO, or compatibility type intentionally exposed to mods.
interface	ShelteredAPI.GameState	IReadOnlyInventory	ShelteredAPI/GameState/ManagerStateHelper.cs	Public ShelteredAPI facade, service contract, DTO, or compatibility type intentionally exposed to mods.
interface	ShelteredAPI.GameState	IReadOnlyWeatherState	ShelteredAPI/GameState/ManagerStateHelper.cs	Public ShelteredAPI facade, service contract, DTO, or compatibility type intentionally exposed to mods.
interface	ShelteredAPI.Saves	ICustomSaveMetaProvider	ShelteredAPI/Custom Saves/saves/Models.cs	Public ShelteredAPI facade, service contract, DTO, or compatibility type intentionally exposed to mods.
interface	ShelteredAPI.Saves	ICustomSaveParticipant	ShelteredAPI/Custom Saves/saves/Models.cs	Public ShelteredAPI facade, service contract, DTO, or compatibility type intentionally exposed to mods.
interface	ShelteredAPI.Saves	ICustomScenarioHooks	ShelteredAPI/Custom Saves/saves/Models.cs	Public ShelteredAPI facade, service contract, DTO, or compatibility type intentionally exposed to mods.
interface	ShelteredAPI.Scenarios	IShelteredCustomScenario	ShelteredAPI/Scenarios/IShelteredCustomScenario.cs	Public ShelteredAPI facade, service contract, DTO, or compatibility type intentionally exposed to mods.
interface	ShelteredAPI.Scenarios	IShelteredCustomScenarioDependencies	ShelteredAPI/Scenarios/IShelteredCustomScenario.cs	Public ShelteredAPI facade, service contract, DTO, or compatibility type intentionally exposed to mods.
struct	ShelteredAPI.Characters	CharacterInfo	ShelteredAPI/Characters/PartyHelper.cs	Public ShelteredAPI facade, service contract, DTO, or compatibility type intentionally exposed to mods.
struct	ShelteredAPI.Characters	ExpeditionPartyInfo	ShelteredAPI/Characters/PartyHelper.cs	Public ShelteredAPI facade, service contract, DTO, or compatibility type intentionally exposed to mods.
